economy,YR2010,YR2011,YR2012,YR2013,YR2014,YR2015,YR2016,YR2017,YR2018,YR2019
ABW,34343.1513198843,35392.605185777,34732.4958463381,35980.1645924769,35875.6298298588,37715.9266182631,38314.8060318881,38897.122666275,,
AFE,3570.86066930455,3617.85449070659,3608.99966578737,3658.99907398238,3709.41834800101,3726.70123167662,3722.43198667671,3726.61764653662,3727.19858667179,3710.79357450408
AFG,1957.02906990812,1904.55992565594,2075.49161435331,2116.46525771251,2102.38460375974,2068.26590413364,2057.06797755329,2058.4002210698,2033.80438893717,2065.03623501599
AFW,3794.17949257788,3872.80912329008,3966.07123601043,4092.76863204125,4215.64600180692,4216.40920637826,4121.23484912007,4115.64548016502,4132.59299620084,4159.30288607333
AGO,7692.43428623311,7675.44608452759,8036.69240208792,8140.52597328045,8239.8306720725,8036.41089824639,7568.99816818809,7310.89658895511,6933.49993413352,6670.33145836633
ALB,10749.4816712201,11052.7936097627,11227.9663309799,11361.2686043509,11586.833878569,11878.4544479371,12291.8594923641,12770.9642910053,13317.0923133291,13656.5927487572
AND,,,,,,,,,,
ARB,13159.6655115523,13323.9753219345,13711.1790546426,13818.2915651611,13886.9908548719,14115.0492721205,14310.5277982196,14214.6130165904,14308.5434708333,14339.5179871859
ARE,54921.7972461198,56122.5766813272,57389.3187848829,59920.1523118859,62452.1845067078,65267.4151257861,66510.8936646521,67183.6053111678,66968.2211797023,68263.6755335341
ARG,23521.2701750961,24647.6292739541,24118.8675158912,24424.1364465071,23550.0990599374,23933.8866120953,23189.5274451329,23597.117752839,22747.2416575831,22066.1010083881
ARM,9286.19732701296,9725.27822960819,10397.654656654,10691.2767474722,11019.838784895,11321.3325403745,11303.0678498177,12115.1392902637,12715.1089539751,13653.7633812861
ASM,,,,,,,,,,
ATG,18206.0165312204,17605.4389676199,17966.3387012831,17643.1302710941,18104.6837879971,18594.5455550999,19419.6326457349,19840.2840357027,21017.2644997656,21850.1334122252
AUS,44914.9812132027,45389.1701737895,46350.9199520719,46744.6325424082,47232.875386831,47569.2946015026,48116.0310826944,48398.5497014956,49029.1057110348,49309.1123989414
AUT,51843.4283275453,53179.1474647432,53297.4447850919,52997.7538166712,52932.9001116518,52873.8586545571,53345.7415259818,54172.9867888254,55258.37103291,55833.559903835
AZE,14082.2381492462,13913.8366762498,14027.4687658751,14651.6939594987,14867.9437541074,14852.6117173183,14232.1926093441,14121.4069355591,14209.5931685619,14442.0408572999
BDI,846.169136789899,852.502621649322,862.715712963336,877.272964851954,886.235416674512,825.20566069269,794.60427137057,773.572858670972,761.524125241416,751.664152760383
BEL,47972.558838523,48154.8711461252,48210.9246578014,48204.5856992867,48748.6205926039,49456.3985817783,49829.9273887741,50442.2705419624,51126.6669535206,51944.1670288861
BEN,2704.7054840378,2707.86970043194,2759.84825577488,2876.90390883027,2975.85478222107,2945.97022066349,2961.4404159762,3044.51715620319,3160.7806702321,3287.30953781986
BFA,1716.35832279765,1775.77917858267,1834.54330775192,1883.79653969539,1907.94921260654,1925.33207544524,1981.429813531,2044.38698676758,2117.81390140299,2175.50467955719
BGD,2883.46679391309,3034.95108156758,3195.78104025627,3349.02500775857,3511.64550625961,3700.11082057504,3920.14450723583,4160.70332471531,4440.85590480834,4753.72702676094
BGR,18160.6082442238,18661.4799578533,18911.5843050238,18911.1260053992,19202.8089285445,19988.2244923714,20740.7948473544,21469.9454411605,22206.0907800663,23265.8769207936
BHR,44599.804972084,44157.4796400241,45035.9785547932,46930.8307282373,48201.1571717366,48110.7341930587,47937.7090620549,47709.7780156397,46389.2644603172,45311.8641175216
BHS,36547.4280141566,36296.393572118,37005.3775244786,35331.165707622,35801.9181551358,36023.5955240709,35701.2303494393,35917.7570326171,36539.6618746659,36432.5183067574
BIH,10938.2893336756,11176.8811943454,11257.8394767668,11725.2554566971,12066.5917858159,12630.6672913304,13194.3305696421,13753.8374426837,14386.7374914983,14896.7958756886
BLR,17300.7036830881,18274.0207167069,18611.4542129387,18805.4308685766,19119.3461515636,18362.7455862583,17883.1264992839,18356.1007741722,18974.6998134505,19279.209247881
BLZ,7294.663222693,7259.64495499939,7264.63935534435,7194.6215734767,7322.88296109423,7358.61842797652,7206.95239980855,7193.63430990345,7261.69420054139,7251.88610343325
BMU,88399.9159492493,85829.3782604391,80982.367755316,80503.6502910788,77361.1048812589,77842.7539032209,78149.352535184,81834.9558735543,81422.1346003442,81804.2656772398
BOL,6612.80335425232,6844.98377113785,7081.3861286295,7444.49079677339,7730.63840148344,7984.41198607604,8202.54423301658,8423.69755843668,8655.53148479759,8724.47418606476
BRA,14873.2083173363,15323.3313867559,15478.792838839,15805.2229104713,15749.5121636814,15064.1760688552,14451.1528423266,14524.6135408174,14668.2561636292,14763.8716968734
BRB,15596.6168113309,15444.7463207601,15335.848046216,15088.4413511106,15041.5547480584,15382.7656890531,15738.0786618241,15789.0411622149,15674.9043195592,15639.0478442375
BRN,67753.4217667143,69388.8131973129,69090.341492818,66715.6926477592,64190.8241471541,63147.4834900843,60867.2918657417,60994.5315563275,60389.1846472589,62098.011379516
BTN,8190.57622279014,8744.95764294872,9084.00445533749,9163.5635511192,9574.0290039124,10086.0727954667,10775.1903107625,11142.4746724654,11348.4419521,11864.7662468492
BWA,13126.2146962517,13724.6713487456,14166.5442663072,15597.6174151222,16042.0524931341,14895.9049840115,15654.6818325969,15948.0320233624,16222.407448116,16347.9100835516
CAF,1201.35219681679,1242.71480100483,1300.28880967492,824.943275653475,822.611194894812,852.749236638592,884.495196541199,912.803045335037,933.10995060419,945.142042928865
CAN,44861.5239641879,45822.5964338567,46126.5138859002,46704.7622355677,47564.609109622,47522.1406673151,47457.5853457244,48317.0965785817,48962.3573384612,49181.7735213062
CEB,24116.2380754687,24913.4265047102,25177.0306724564,25566.8653042485,26389.2982816526,27483.6765959629,28419.3238655925,29901.2960330412,31308.7536427627,32642.8315076064
CHE,65819.7372527487,66342.0108170701,66440.2870236648,66877.1630488424,67682.6861750714,68025.9200383988,68663.2438230835,69103.570264696,70597.2920689752,70944.3548128194
CHI,,,,,,,,,,
CHL,21262.4669863046,22337.8605577365,23300.4423021747,24006.8123342917,24173.0649373708,24440.4152640916,24531.3577390333,24470.7036237008,25028.9099914626,24967.5802124235
CHN,8884.58803122605,9680.09769961662,10370.7265716791,11101.9389299934,11851.4042175796,12612.3516512418,13399.1373202744,14243.5326108491,15133.9956182327,15977.6452174354
CIV,3778.20847115295,3491.02126004928,3666.63750224907,3961.8285678639,4225.95576403733,4417.15021465621,4615.70925676518,4830.75051522678,5033.47882607719,5212.5540214586
CMR,3223.51002354578,3242.35444347816,3300.94551925072,3372.90383467693,3470.78565817389,3570.42455108195,3634.38113680394,3665.11785084879,3711.8504390923,3742.85677859297
COD,865.684040221023,894.826544520519,926.787816171911,972.455934329137,1029.79081257806,1065.24237107512,1055.57291467758,1059.81076228861,1085.89368770943,1097.9488401154
COG,5169.16742154605,5137.61168273842,5504.18495586818,5331.904082108,5552.84460631577,5224.30246714689,4544.07584108488,4234.65988322969,3928.42799927127,3825.70147959044
COL,11783.2999142858,12480.5465526004,12852.6257014235,13390.485196138,13852.2420491719,14095.748356648,14194.515663803,14171.3205005648,14314.8555765268,14585.3024908488
COM,2878.26971036373,2924.68551719278,2946.20222437818,3005.510856738,2996.3793452042,2959.49809656739,2987.97027465784,3032.26213308112,3073.11679381822,3058.81822882925
CPV,6200.3435365952,6366.1285114968,6353.70770434801,6323.37646188107,6281.79397089329,6266.88177858088,6482.72154971014,6643.17989182913,6864.1852980816,7171.8264247567
CRI,16830.436178231,17360.2015918103,17994.5362252246,18233.0159654334,18669.0966793599,19141.6830724285,19736.6653042104,20347.0347715873,20672.6158286056,20937.5382348599
CSS,15856.7687513358,15965.4757314094,16060.6295174305,16103.6357661159,16091.984457434,16125.9743087984,15818.3980233416,15737.804114857,15954.5085216088,15975.6486301184
CUB,,,,,,,,,,
CUW,28543.3607059699,28313.0486187097,28040.0360514959,27503.7894380048,26826.5923787915,26548.7000044222,26009.5280033975,25475.4896636129,25054.8952300259,24494.3426335232
CYM,66882.5075913816,66255.631772759,65835.0878214292,65598.181191409,66326.8874800978,67241.283390426,68484.5078432413,69753.0897229101,71784.0480787384,73633.7016276696
CYP,38296.6994508689,37481.8113367819,35642.6407605621,33384.4662474464,33136.4813831636,34453.1188480826,36509.0695470302,38287.9691989983,39976.9992379722,41521.9234222843
CZE,33483.137594809,34002.1897752206,33688.0998344582,33661.4684161727,34386.7049143977,36168.4185553861,37014.9592935816,38824.8879170919,39932.992193117,40981.0565086432
DEU,46999.2399709894,49757.9241566763,49872.4474888681,49954.173749339,50845.5269954271,51159.2974643888,51879.6725937905,53071.4555699913,53486.8405707004,53929.6392852715
DJI,,,,4028.4323695284,4238.9443547647,4488.80265798112,4709.52388928192,4885.20503911992,5214.07218666426,5534.76617152744
DMA,12003.7660822063,11971.0201324486,11837.2360018054,11708.1449960953,12216.5318416184,11873.7418376836,12154.7514389872,11304.0433278877,11527.5710590255,12368.939418155
DNK,50825.4122929358,51293.2061782002,51216.309409926,51479.2664533017,52048.3354927846,52892.6460290247,54185.0084787703,55356.680780178,56178.7746299825,57161.6863893418
DOM,12782.4571724153,13024.3285156301,13219.6941289337,13702.3212058786,14499.6304101602,15328.3595089817,16166.6115259959,16735.3644228294,17711.7955337583,18412.8999875519
DZA,10970.6924199942,11078.2282434402,11233.5170375144,11319.0826671926,11512.6904716992,11696.9503570415,11826.1513798046,11737.4012353821,11630.6794086748,11521.9842097494
EAP,8510.81309223502,9137.42596159709,9731.90327674239,10329.5055596403,10933.6644770155,11552.1556671967,12202.0631462541,12903.4243245362,13637.5491018788,14329.6229583008
EAR,7085.04643905025,7338.60769905684,7547.73352289047,7787.74233258492,8041.59208423569,8333.70358206756,8656.25840269613,8963.45945822964,9212.20609227299,9334.79046912232
EAS,11905.96421551,12520.9069898225,13113.9716825259,13731.2033355861,14322.6585724727,14927.7122190611,15561.0614008367,16277.5927965605,16996.2631564529,17649.0008763733
ECA,17964.5030364323,18901.289560395,19480.9327767,20074.6912804688,20261.3830753472,20225.9062351994,20443.4605138903,21128.3620651163,21702.6241217938,22114.2592972571
ECS,30791.9090708725,31577.2594893507,31668.0342070273,31894.0500660975,32291.502956523,32724.4108841763,33204.2404301259,34073.9375001719,34765.1742153514,35345.0892423408
ECU,10340.9702972165,10984.2837669942,11431.3756193625,11818.5868341087,12078.4743866036,11896.3751614302,11551.6159731776,11617.9122190573,11561.747853143,11370.603299072
EGY,10340.0732290684,10302.4428451733,10301.1078078639,10290.1916223878,10353.6668042109,10570.4452320986,10795.8087417387,11014.4864791744,11366.3355206681,11763.2532849551
EMU,42639.4581141758,43411.9292876438,42910.3597861373,42649.5401434689,43094.9506770427,43850.889302423,44543.9128958561,45609.5086540805,46346.1020871847,47034.6444339651
ERI,,,,,,,,,,
ESP,37319.4762230353,36884.2592434253,35769.4600345792,35371.7398181963,35968.6201369865,37377.068016704,38477.5791805612,39528.9253872668,40256.9524767458,40803.6269757506
EST,26015.7463509325,27990.136407635,28997.3228845385,29525.1188635117,30494.0963031973,31038.8046287051,32008.9343566614,33821.93290847,35097.7041021572,36399.9292208916
ETH,1259.02258051063,1360.93852243609,1437.37660668157,1545.17795600731,1656.63448899243,1779.0841114169,1894.89736397042,2021.56290796009,2103.51585836696,2221.40466452958
EUU,39006.3166495886,39780.8026234981,39439.9085592086,39342.7907758017,39889.2657530352,40752.1749844928,41515.9356076584,42676.6286975399,43555.8986727874,44388.3796684097
FCS,3987.02214269679,3914.65882058375,4088.10610821265,4194.38181089361,4261.59474345596,4296.04282199802,4329.15594615971,4340.40507488903,4372.42861303617,4409.69542360573
FIN,45874.6613021399,46825.8248388831,45952.246383366,45328.5753218041,44976.7764487708,45072.5902146238,46206.7878130494,47570.133583848,48049.5837841337,48582.5875885045
FJI,10547.9097854929,10787.6394816635,10919.4758320416,11429.3328826251,12058.0062359187,12569.0645600029,12820.7569917255,13429.3006222384,13846.1206565015,13684.2916962431
FRA,42147.6716766942,42864.0189689606,42790.6328838388,42816.2714819044,43021.3946358903,43345.7864281559,43705.1475593257,44577.0645745394,45284.0027939624,46017.7659610004
FRO,,,,,,,,,,
FSM,3659.63876623588,3756.90863055994,3649.44968018278,3468.16661703968,3340.20288328043,3448.30369231563,3437.38984001769,3490.13048688552,3460.90904773797,3465.5401920561
GAB,14415.4459113912,14883.4942581406,15082.6565608753,15342.1813095484,15437.2650293528,15510.0389513624,15359.7403963666,15006.8440374987,14743.6982429663,14945.8592935603
GBR,42147.765559754,42429.2098322806,42754.540431536,43271.8274646448,44239.151059642,45041.0571798668,45712.7834267325,46372.38660351,46853.2011143804,47368.5844114534
GEO,9736.73209374292,10541.4719031056,11295.7540913053,11740.0891163337,12254.6456549529,12605.1400698178,12963.7439586374,13589.7073915159,14253.4089858441,14989.2581602038
GHA,3828.41937142279,4261.62074782669,4548.57935362915,4769.07255916908,4794.14708368048,4785.99468331465,4837.53795658418,5115.90675022862,5315.25390473101,5540.04562697865
GIB,,,,,,,,,,
GIN,1870.80005065095,1932.50581465718,2002.32168676174,2035.31862675412,2061.69491695146,2087.93502637166,2253.47768258391,2417.80379491483,2499.70726640625,2567.03398696378
GMB,2346.72047883159,2091.82876600813,2135.74423789688,2131.43602743993,2038.8025175488,2058.65814621739,2036.87715930988,2072.64683284207,2158.07755816639,2224.90984166364
GNB,1747.23748547332,1839.692741951,1760.88399471437,1770.47614739359,1740.89673703744,1800.06338150248,1864.26303518079,1925.23773659951,1901.93173857674,1939.2895096348
GNQ,34732.2191497036,35377.736491918,36671.3574358438,33678.7378356066,32436.5535005511,28313.4331590396,24827.0321162643,22550.958161123,20386.0138677131,18502.563964039
GRC,33693.2114765963,30318.4046680383,28322.5730581368,27810.9112255691,28129.9613244489,28260.3866739065,28239.9192063819,28604.8609402657,29141.1743829385,29698.0304753909
GRD,13412.7933652353,13444.648144173,13206.9742382866,13427.5519644025,14317.3257305619,15142.06257045,15614.2977914991,16217.4998498411,16827.4874344917,16867.5721321567
GRL,,,,,,,,,,
GTM,7335.98897429945,7503.67465594417,7590.75546737921,7734.11770732066,7939.37437823934,8125.65553391647,8206.04798668298,8322.21680991504,8462.17210684372,8653.30819508205
GUM,,,,,,,,,,
GUY,9788.84875102514,10275.8759812654,10780.9365037376,11117.5227905855,11244.3973933469,11261.7795631327,11631.0567167505,12005.4051046745,12477.5806374013,13082.1814837162
HIC,44326.7502088311,45052.8234736938,45389.686550628,45792.7750477013,46507.4244993483,47400.471704343,48002.3552175163,48896.6124843446,49816.2248056421,50494.5647737639
HKG,51360.9669751956,53472.9932695113,53785.1530062167,55230.8594343348,56359.2989916423,57215.948033846,58096.2992560876,59849.2481763342,61062.9476532626,59586.2040065092
HND,4866.97393107266,4956.40285182158,5065.45699900649,5113.45915051909,5177.41519718935,5283.41691357908,5395.61455082235,5561.99454219124,5680.36288396582,5736.18163330613
HPC,2234.14151716576,2263.47246698143,2270.06355279421,2331.93566869842,2398.2331306111,2438.45987561069,2480.14434647373,2531.42433576,2566.14871799114,2604.53532247777
HRV,24500.0681416094,24563.8473507439,24078.3307312505,24057.8080868379,24072.4388046611,24884.6652307486,25944.2583430013,27154.0846858541,28192.3285390241,29336.0854506088
HTI,2900.90956874511,3003.22384258389,2973.96905936124,3057.91542060063,3066.85041749736,3102.3450134401,3116.48797407998,3153.29938869996,3165.30489593464,3073.32914007069
HUN,24486.0417269382,25012.2947004316,24825.5808329461,25343.7138398913,26485.4128230327,27531.6440790804,28218.2791845991,29501.1204204706,31121.6651409416,32553.6944730337
IBD,9576.62125166857,10042.6032447031,10441.9199694323,10854.9229413683,11233.3518263535,11594.8827479427,12022.40331396,12516.0164676555,12992.5411019192,13372.0441901925
IBT,8020.20248904334,8377.48141097997,8680.53294810728,9002.73090487774,9299.00754140457,9570.88353794001,9886.74887515635,10255.03392122,10609.1707301126,10881.9318117315
IDA,2983.02256018861,3055.9614494216,3117.4290161989,3222.16510577979,3335.56835460759,3409.10532962246,3468.03988919911,3547.70468552855,3635.50995946351,3699.96055619882
IDB,4274.67055378496,4360.7277586455,4452.3684438223,4583.09528862345,4730.698855591,4806.19443953848,4802.06142480016,4845.8255452983,4927.20891525303,4925.98022436527
IDN,8286.7328696642,8680.21334226207,9080.06611317194,9457.0185409728,9801.16628336906,10149.6038700252,10531.1109693569,10935.6317158256,11371.7255560847,11811.9755589147
IDX,2341.67846131536,2407.11514823393,2452.2431471445,2543.44766802057,2639.05938535517,2711.60103703927,2804.28747621898,2903.82702886118,2996.13466401819,3096.56454931873
IMN,,,,,,,,,,
IND,4234.97957334912,4399.88823976669,4583.17319849986,4818.52255700075,5116.62910484768,5464.39405731625,5851.39488049329,6182.92210857444,6518.84505546755,6713.93221110725
INX,,,,,,,,,,
IRL,52965.7882507863,53298.8128819746,53045.6538178272,53435.6392952651,57668.7554653506,71508.7338395954,72150.0399688693,77749.2019569363,83726.362960889,86650.0046591322
IRN,13805.7038219488,14005.3133367405,12807.3947491137,12625.0874922326,13038.5550641113,12698.1091975659,14205.2116338951,14535.8735778483,13471.8606376875,12389.2233504388
IRQ,8597.06439188034,8949.93693942006,9824.80871212912,10170.2196520747,9818.65230841713,9946.97657415296,10997.3869942522,10526.3709148753,10556.0242612278,10935.5787878431
ISL,47457.6229185836,48186.1672876621,48440.2550840897,50168.6885349698,50450.7416120996,52142.9328074888,54665.7639158138,55638.4920591796,56818.1958373473,56935.7727270827
ISR,33864.2307468256,35086.7273456665,35417.2945677695,36423.193157813,37204.5026077648,37306.1328283944,38214.4853580071,39121.2958325461,39903.4210995244,40626.2152725349
ITA,42664.3552727925,42892.3055641948,41501.7112309705,40268.1127892773,39898.5264609826,40247.8290437942,40837.7376281437,41581.120790548,42045.9214694407,42708.0344529972
JAM,9435.76084179983,9546.49380271589,9433.84575756191,9427.67897749306,9438.47691238925,9473.10619523862,9553.09619583089,9600.10474580389,9734.86228780542,9777.00568620683
JOR,11315.5027028063,11016.3952431394,10688.2893436103,10414.9212846708,10284.6700959691,10145.8366996846,10036.5436154339,10003.5749827297,10013.3976633388,10071.379888314
JPN,38069.9560385983,38149.6181079417,38735.8963494252,39569.636574469,39739.5411241697,40402.581505529,40754.102931535,41505.0824777862,41821.7085276266,42022.4896153768
KAZ,20751.2572399462,21970.0839239319,22702.5788406786,23720.8160716034,24355.7561188887,24290.4176339265,24210.8629616382,24862.9661245889,25544.3447563035,26351.8044418782
KEN,3691.01301663451,3776.91071872306,3845.68683615041,3888.56902225188,3980.58533303555,4075.50188338288,4145.64070059244,4203.58501078548,4339.00052545637,4452.77288745474
KGZ,4141.07720559948,4334.6607889257,4259.31820386993,4631.40326661448,4722.08600228701,4805.14109238388,4912.38248430885,5046.69153549095,5133.15191442989,5258.36669631142
KHM,2716.69973756347,2862.90804579497,3022.59672458674,3191.86174454232,3364.27806867045,3541.37667182532,3728.09961608338,3928.37393363069,4159.33819436839,4388.80090863251
KIR,1923.11390389339,1920.10323386253,1979.91000244535,2034.13695781254,1992.24496613332,2168.9991823431,2247.97122702737,2235.70735994823,2286.29872783863,2340.38998274684
KNA,22223.9132167449,22432.988640757,21740.1461644361,22707.0827832104,23921.2410337205,23966.4980078795,26953.0631735009,26982.9295790329,27499.0269768043,28602.9768823181
KOR,34394.4904890551,35388.9769124478,36049.1934873539,37021.1341641003,37967.475617995,38828.7409976118,39814.6589279289,40957.4180587145,41948.3460057222,42804.6689076257
KWT,58810.4049325991,60887.683117459,61416.9784968895,58995.3699591391,56647.4374776489,54834.3917316777,54708.9798509068,50855.5529145289,50478.5876020498,49853.7363427288
LAC,14430.2717992366,14928.484579911,15144.1043987761,15424.4550139233,15500.7406015876,15435.3689368134,15270.3881134296,15419.8204951669,15518.0909727493,15488.4452407733
LAO,4850.17506683389,5158.83557611185,5489.04028286639,5841.88182784189,6193.34032628045,6543.67068865935,6896.12737379045,7257.81210698745,7592.82947474583,7886.65281419668
LBN,19499.4146336941,18727.2452001807,18039.2525478584,17537.8399888344,16969.3707630788,16358.3763465949,16167.7329240484,16043.0606967963,15677.9381224856,14563.6829579991
LBR,1465.55929680094,1535.97715754043,1611.34543763821,1704.87869164358,1673.05586356408,1630.58428993495,1565.13738599432,1564.19768164013,1543.96907889576,1469.76395912306
LBY,22539.8927593081,8479.94796433782,18806.7838015844,16160.1102385469,12201.2046848341,11022.4292135086,10592.4309433663,13238.0005389502,15017.9935741811,15174.1625153905
LCA,14137.5895128928,14789.9669257871,14667.1610091307,14133.4843259097,14317.3566638365,14057.6075997816,14497.5954463781,14928.396096145,15286.2791270982,15200.8720507536
LCN,14853.9690255312,15361.0656579089,15595.4582317606,15885.00843244,15964.6353617071,15917.4827785137,15773.396829263,15928.5586973158,16055.8675423345,16043.1158700409
LDC,2378.82292665009,2436.93511531282,2478.71697754145,2557.96112272368,2650.91816771436,2712.33522801069,2784.24783251123,2861.71845473524,2934.67670233931,3021.02018807248
LIC,1756.96653092631,1772.15892853728,1739.218025703,1786.11293213658,1848.86085089541,1888.64038865155,1930.07692778046,1963.59111785482,1986.64119494451,2021.95104438964
LIE,,,,,,,,,,
LKA,9126.86561223093,9827.62208611431,10712.3973470478,10990.0705930726,11428.1079039311,11890.5165276211,12287.4730695098,12584.1047924776,12860.3208303539,13070.1256448919
LMC,5241.37429678335,5412.35934200245,5559.27396524917,5754.46089521347,5974.3238029368,6188.23721326233,6477.2023997668,6728.30974735579,6957.94507286859,7115.21183574472
LMY,7790.23313086156,8140.09593808049,8441.7046647897,8762.83711966281,9055.68691628662,9321.67093449868,9633.81432894528,9995.08135708876,10338.8994231647,10603.9807110788
LSO,2346.71329671032,2444.9280815031,2585.3657249514,2614.14311009208,2639.4458245507,2701.42185521194,2776.74098382062,2668.29142526247,2614.65884916972,2583.92437114575
LTE,11795.3629440602,12513.4761491607,13125.8707229831,13724.4657787558,14282.8011250084,14777.9482645122,15288.010321111,15953.2892732613,16686.8611702975,17357.4423487554
LTU,23942.7603567557,25968.5834234521,27330.8959483858,28589.0266601627,29855.8314910326,30748.1963109529,31925.8034212317,33761.871239796,35446.708082914,37166.2100814318
LUX,114343.988089326,112998.390476598,112137.135491328,113050.663254336,113313.578897944,113182.728563365,116283.699681286,114985.842235989,115049.926078877,116518.276815474
LVA,21176.2793923828,22118.4092740559,23970.4350618445,24715.7207713883,25423.6448831349,26628.4581724293,27509.1731143996,28673.5633962664,30050.7164948447,31012.135102478
MAC,118085.567175493,140321.907953572,149702.441471417,161971.46466102,155201.740570844,119406.919122461,116519.507535276,126144.104058125,132373.544079217,127272.548511029
MAF,,,,,,,,,,
MAR,6281.12352725608,6522.02001340374,6625.10413410585,6827.85270036133,6911.80313254345,7126.28408352933,7105.85585478269,7312.05677903856,7446.93622120704,7546.75473396895
MCO,,,,,,,,,,
MDA,8550.170639047,9052.86654300804,9000.65892487276,9817.29629671112,10314.4096500359,10360.8295911083,10942.5508739575,11651.3174546862,12363.1468378401,13026.5160219088
MDG,1553.40502004912,1534.93996454516,1538.51668164451,1531.77859051651,1540.74496124671,1546.76721643536,1565.86772514413,1584.4245185911,1591.96654063281,1618.61797345348
MDV,16305.1622101884,17015.1510801804,16708.4769031807,17133.0992156615,17567.7239377428,17283.9730053186,17583.5884158052,18057.9109233313,18793.8447276363,19510.49184133
MEA,14834.151962069,15078.5946308094,15314.9533496052,15409.9055222991,15567.0963568634,15727.9819631809,16214.497681101,16224.6992116068,16164.6625283266,16039.8364834302
MEX,17790.0119218899,18186.2245700593,18594.8944659843,18600.3711821448,18887.5674432127,19268.9143963283,19539.2612488443,19721.2609759241,19928.3961837399,19677.2753402017
MHL,3595.17477608311,3562.85716200902,3469.54232342983,3594.93877564458,3545.20737254595,3586.05642087458,3615.59002404223,3711.89600373591,3820.95822061791,4048.57927332937
MIC,8391.64359843851,8783.19501523308,9126.28186524938,9484.90379826654,9812.02392938268,10112.6923881206,10465.3048158005,10874.1494748941,11266.5234319149,11572.3965041056
MKD,13514.9816622638,13807.4653504353,13727.7729238307,14108.8912783189,14596.6001512258,15139.2516204994,15553.4393238281,15706.4441718656,16145.5358997782,16773.0405718113
MLI,2082.96193463428,2085.4208491547,2007.80692981945,1995.15925159506,2075.40068139937,2139.73629713506,2198.56038119009,2246.79742084484,2283.70241285673,2321.70219911325
MLT,32867.9628475261,32881.8566627974,33929.363466615,35287.4895714815,37230.304235448,39845.1422229954,40536.7463141132,42644.0804444448,43313.5070884524,43950.6185580828
MMR,2762.61345927699,2947.65736981563,3113.00523474873,3330.46923404288,3574.03152121317,3663.14230165804,4020.24295322452,4224.54503061412,4467.85855039731,4739.71043843018
MNA,9823.01553084333,9648.12259666625,9700.63240013014,9693.43465887265,9747.46900037563,9773.3115870103,10292.9012525944,10446.0374445668,10344.7667325054,10232.6918266237
MNE,16764.3400548602,17287.400030492,16802.3827039617,17381.7231109956,17674.6040816338,18263.5898622386,18797.8835145482,19682.2651956681,20686.5615158233,21533.9320909217
MNG,7470.78073904239,8602.94951981524,9476.92596880027,10371.2892578624,10967.1117494362,11009.7149630165,10961.9680419823,11366.3039371032,12028.6356541661,12486.077460816
MNP,,,,,,,,,,
MOZ,1027.20887652935,1073.4781338343,1120.12848093229,1165.40820547454,1217.08886738517,1262.61312778202,1273.78363325041,1283.65986980986,1289.73594800556,1281.78001360291
MRT,4671.64267694339,4725.33406744292,4792.83905002265,4846.71245349499,4908.10775244043,5024.46725603806,4944.56903002169,5108.54913220438,5193.39355587253,5343.99792146683
MUS,16797.8172336157,17454.7800757219,18014.9911504223,18579.3741556871,19240.2247094358,19897.4753929501,20646.933001394,21415.1161096211,22208.1381163011,22869.7563093473
MWI,1374.57128669155,1400.59364279572,1386.78999426674,1418.07433094856,1457.47302019497,1457.50369228536,1453.77736454732,1472.14686847702,1496.73221673548,1537.14117694567
MYS,20536.372513472,21289.2575389666,22132.2169241375,22855.9496949302,23906.2285804437,24787.8237457166,25541.7705112243,26661.5074160333,27577.3725763901,28421.4632396632
NAC,53386.1559585617,53877.7076802902,54644.7515566206,55268.9819353573,56250.7868899568,57440.3995911981,57944.1985928044,58922.1032596092,60303.7161312789,61252.760398255
NAM,9031.16059591911,9324.52887944537,9626.53919173564,9990.74583476367,10413.3142223463,10662.8299375379,10471.2792904205,10171.4214953612,10087.45708442,9812.60803830829
NCL,,,,,,,,,,
NER,1036.16071951619,1020.2646375485,1084.76436260643,1098.64382021811,1126.80543972729,1131.5191865057,1151.17622403893,1163.22617020833,1200.40234812149,1224.37513477719
NGA,4932.33479996173,5056.89214708727,5131.3726452234,5329.12151659822,5516.38559753258,5514.77027265177,5284.89322799694,5190.35612668836,5155.07599367409,5135.49946875343
NIC,4611.78514506767,4837.49942444397,5083.28900515284,5263.40988467164,5443.23569911075,5630.29571000949,5811.80513540161,6004.01408757341,5729.6754648657,5451.66538626743
NLD,52032.9865022429,52594.2290064164,51860.0559942119,51640.0766862304,52186.9973861206,52974.1162200949,53847.8265545448,55088.6338006744,56060.9136269404,56784.0372529824
NOR,61353.4773254345,61157.1299274456,61990.6923569269,61878.9751793609,62390.1303126574,62987.5162863772,63104.0807823312,64050.7561654659,64341.2586813606,64385.0059928545
NPL,2703.41491670115,2793.02473367277,2922.61960861781,3033.78078654994,3217.44850964835,3331.87176945857,3315.8144141419,3565.19780740052,3773.71591761441,3952.76034914913
NRU,6688.64973862075,7313.67213797205,8090.93347094243,10493.2124190995,13175.9216491939,13551.9625979464,13901.9536121477,12975.3923824717,13636.3609415279,13527.411941066
NZL,37657.1432046716,38214.4745352226,38857.1158931412,39599.1882952181,40432.2414789733,41086.1153021682,41672.1012399483,42285.319902666,42866.1272276586,42877.9429107086
OED,39293.4795817594,39914.065995162,40199.3974820343,40575.3792023461,41196.6733656594,42018.8302188161,42537.6672319527,43389.8104553906,44166.4387758529,44701.3657856376
OMN,38678.9631177194,37231.9164764212,37670.6504363425,36831.073827502,34875.7829672008,34564.9230946303,34591.7165038454,33308.4843146012,32594.6903024231,31284.0163557619
OSS,20527.8991004551,21503.4988112498,21829.4988372105,22162.0148827607,22518.7313703788,22645.5307328525,22798.4764600514,22637.095332475,22652.5834198079,22694.7120873846
PAK,3906.87397085543,3928.51992734586,3980.74864958441,4069.26749773498,4171.29183022323,4278.34666284049,4421.58192929723,4571.20507840804,4739.47271266276,4697.72657915561
PAN,21343.3341428256,23349.1665706845,25196.3145145798,26480.5619244499,27352.5199267369,28430.9850902058,29332.3765894204,30446.8495664097,31039.0722251636,31440.2635236358
PER,10066.4675664813,10616.8436986492,11176.0867152669,11724.0035983902,11877.0789320691,12110.2668971421,12403.6871416862,12506.5293750586,12781.4164435302,12853.6920747721
PHL,5918.37322886056,6043.6016758463,6351.26494237826,6666.25051235498,6973.63890931299,7300.13621044291,7705.05376972347,8120.86879330973,8516.13654900015,8914.72379823318
PLW,15227.6156241309,16433.9403506536,16815.8801358544,16275.8067151312,17278.5865968326,18539.1566181622,18468.2915835622,17770.5619972634,17650.4167758568,17229.1481318031
PNG,3406.64403989259,3369.84445470171,3453.38711152872,3513.02325301783,3909.33865961052,4083.75243695251,4222.52499305271,4285.62875648139,4190.0948949613,4293.12961896692
POL,23996.1400503256,25124.2760784491,25457.2075458051,25759.3391174478,26649.5781804896,27797.0595118338,28682.6935399803,30064.5034841771,31674.1312060453,33185.1581282308
PRE,3322.20008913332,3361.67427359645,3415.55575106654,3504.29852892343,3577.75972037183,3591.94073082445,3586.57105350612,3551.54380905213,3547.18935420721,3566.00492796302
PRI,32960.699389748,33224.5738694412,33638.8741356827,33922.166947655,34070.262152425,34311.0382516917,34539.5955195025,34363.7546291317,34299.3671572544,34804.9434590498
PRK,,,,,,,,,,
PRT,31798.1538079411,31304.8155263075,30156.7015822628,30042.8907185982,30444.6002091947,31118.7906703279,31847.5377347647,33044.7167387479,34040.7253873665,34945.6615139469
PRY,10415.6564362312,10714.6909309807,10493.8127707461,11209.1315406647,11643.7275051513,11828.1401290455,12170.7843887945,12590.548443655,12827.7080209236,12615.5286456565
PSE,5411.0664822782,5782.68959325891,5985.68324726688,6118.25718135648,5967.07343700875,6048.97659721444,6438.93364028868,6401.74089135074,6318.21006766832,6245.44869712345
PSS,6273.94828643463,6414.27970981357,6396.57788408535,6558.27207492372,6754.87869804227,6933.47486332422,7071.16395456806,7291.23337328327,7411.7400349491,7339.19526152278
PST,43358.193049454,43980.0792050208,44262.2031889093,44645.1666242386,45257.5159142724,46023.2503947573,46635.565636696,47588.8283033156,48501.4449325246,49197.2405100594
PYF,,,,,,,,,,
QAT,95908.3128299584,99147.2881888907,96261.4873534297,95499.9076335034,95578.261524971,95965.2512537252,95601.8073323688,91738.7527956234,90970.0609166158,89966.4497223279
ROU,20303.149033463,20792.1593043818,21311.1191873482,22197.0232873287,23084.359127492,23878.1723506447,25144.9963025527,27141.9009335846,28523.4538475764,29875.0627717262
RUS,23961.2202930302,24972.0784933004,25933.2926590626,26332.3966497152,26057.1553085019,25488.0961196394,25490.7082574641,25926.4438539743,26656.4095416865,27210.5459977867
RWA,1507.16501035777,1586.96124198572,1682.20649117176,1718.93576078752,1780.14497616194,1889.15810576486,1950.52626543078,1975.24866113275,2088.74922433298,2227.51703252759
SAS,4076.36781589934,4225.20397647175,4397.79877063271,4602.91545569965,4859.31007599238,5153.8925701396,5482.17291349523,5773.98060124132,6072.74820478171,6243.95086533466
SAU,44036.7673465341,46989.1476692182,48024.4596697908,47848.3764666261,48209.1373331596,48921.2152517247,48625.8438167915,47306.222319502,47592.7671473292,46962.147688222
SDN,4680.7711588768,4956.59446843862,4576.47348276821,4555.34770106336,4654.06384507062,4630.15518592408,4677.16039307696,4598.85002570756,4369.7616629041,4173.56620606463
SEN,2797.11016032924,2757.07940494497,2788.67145940156,2777.11176906606,2868.31587705101,2966.45534736483,3067.66557684345,3203.90636811769,3309.48617330672,3361.46154773707
SGP,78294.0314218674,81538.3651831598,83112.0073399663,85732.8039393429,87959.4167487017,89519.7357100565,91307.5036202199,95350.4356748021,98222.846041782,98411.5820616053
SLB,2439.86232530792,2551.26375812904,2530.75893174193,2594.46170799936,2551.40106578556,2518.64747830047,2596.54593765104,2663.93950830045,2697.64643055486,2660.97969650967
SLE,1406.17537656313,1461.35516459319,1645.76496833544,1942.88003832528,1987.06878789606,1543.71208235092,1602.13300460836,1633.73073779599,1654.5998431327,1705.1914520016
SLV,7328.79834955232,7575.84489519651,7754.98541664728,7892.46621275047,7990.44167842694,8143.32632789159,8309.90078808963,8454.05216690571,8615.68969206197,8776.1195158388
SMR,72038.113620541,65142.7645304895,59708.7273736476,58419.913610278,57328.0766331831,58061.8567960786,59009.7986757906,58867.0133632425,59576.4293867845,60847.1067610929
SOM,,,,877.301005540987,917.876549232987,1026.03817993103,1081.76390727606,1079.11244268258,1129.53146446189,1186.45087125839
SRB,14510.9693159574,14923.8077870758,14894.2021014287,15399.7892949514,15226.3264799527,15578.2093041883,16182.8283896249,16611.023740948,17452.803129793,18306.7852371745
SSA,3656.31965562849,3716.06018739846,3748.90832072593,3830.06933280461,3909.86555750488,3920.37059014468,3879.10432460611,3879.28642002662,3886.58336854616,3887.82172804088
SSD,,,,,,,,,,
SSF,3658.10194462416,3717.96499949567,3750.78238338792,3832.00999335106,3911.84222223476,3922.39872352682,3881.18487660734,3881.4209376658,3888.7008584937,3889.90956024699
SST,18709.3954679111,19479.4074214299,19756.7406982408,20039.8373533006,20333.6556482844,20463.4205618725,20546.7761978361,20440.6724188236,20515.4887183187,20561.7466784521
STP,3357.47019269148,3426.32461405325,3461.32746033286,3558.43659332316,3720.78678474604,3794.35859507025,3878.8298699884,3952.94539403456,3993.27879583907,4005.3416234
SUR,18840.3690170884,19716.9318044804,20020.3149764486,20379.8705689594,20210.9962142167,19317.0545070113,18180.6026123974,18283.6883894232,19005.6543464151,19036.7450382918
SVK,25528.7457310201,26168.2782560255,26478.6021538019,26623.3505516293,27322.142385212,28719.8630778011,29236.9219310109,30061.5514717196,31159.0224623032,31927.5938301222
SVN,33350.6135931956,33568.067345579,32613.4905292711,32234.0257587339,33093.750438441,33799.725526308,34853.0421239497,36507.5530416531,37984.1329244764,38946.6853820836
SWE,47791.3715245947,48947.4393112155,48300.8425001578,48462.1600029489,49258.9961639539,50928.962975552,51334.4320301641,51947.9542478244,52349.2924275599,52850.5691792533
SWZ,7459.22804259304,7575.71565470973,7930.8691724935,8179.81550407126,8193.67285336229,8307.78217367581,8321.02413629192,8408.03591539676,8520.58515238348,8652.92271657383
SXM,43543.8897582329,46392.8687508029,45401.7023586931,43523.5357917997,42946.6845432836,41852.4041272813,40857.7694761666,37914.1229673613,35342.1066072069,
SYC,20960.7485670519,23216.3071255947,23279.533614687,24228.8787302823,24929.5532387977,25583.5530253691,26395.3882930733,27309.7621128652,27529.4988066666,27611.1189337206
SYR,,,,,,,,,,
TCA,,23761.2065522888,23049.4472594203,22849.5766770527,24392.0212123778,26693.1031013707,28175.2532473401,27060.5896570252,28160.8888189987,29251.0788562448
TCD,1732.69158409284,1676.76945838237,1765.19498420091,1804.32252218497,1866.26607861774,1857.10786365964,1687.05356916322,1587.03232784726,1576.32111465904,1579.62610063652
TEA,8607.77923928207,9241.23232326453,9842.03676288135,10445.9704552996,11056.5380589919,11681.5908886996,12338.3673542554,13047.0841019261,13789.0482467427,14488.5800199879
TEC,18549.2766803795,19491.186685424,20036.3714184618,20595.9972377509,20837.1724897561,20905.1218169927,21182.0117880418,21925.3972691305,22585.510833882,23090.1311053669
TGO,1625.54544572513,1683.85626306541,1746.93126201228,1805.48891919451,1863.28189428095,1920.46930703618,1976.80779349156,2012.24069260973,2061.33417572853,2121.89991847011
THA,14399.0445142977,14450.4788337362,15424.5442688037,15767.3608137962,15854.1318583817,16285.3865749723,16782.0986705337,17422.9523512059,18095.7365704368,18453.4698218155
TJK,2390.02217412609,2510.15733228064,2637.65426734355,2767.83682323965,2884.20022507532,2984.49491330069,3113.25451664416,3252.93265536068,3415.32233593608,3581.41140185513
TKM,8616.88953254413,9717.64188636576,10604.0004134209,11471.1840827954,12421.3697709052,12993.5318096291,13562.5284762511,14205.0265119624,14845.3446497287,15538.4199701316
TLA,14767.0401028562,15278.7439652466,15513.3312902359,15805.9248777999,15885.9501420308,15836.6255322094,15690.1312264557,15849.0828669983,15980.2118678294,15962.7401253701
TLS,2931.4317167304,3051.23613419197,3143.27779181869,3182.73610531984,3266.73166592386,3295.30380040936,3342.60876626008,3177.48513651044,3094.12978694463,3626.67316234677
TMN,9874.95238280794,9693.92045068494,9744.91326699746,9736.28060475981,9793.02549275752,9818.41596973206,10339.8044991245,10495.408846085,10394.3260944362,10282.156888235
TON,5166.93205439861,5541.77196044234,5632.09161877784,5703.41989710407,5861.464132687,5944.4526863595,6312.32630161575,6467.12427796495,6411.28936778647,6378.1283460138
TSA,4076.36781589934,4225.20397647175,4397.79877063271,4602.91545569965,4859.31007599238,5153.8925701396,5482.17291349523,5773.98060124132,6072.74820478171,6243.95086533466
TSS,3658.10194462416,3717.96499949568,3750.78238338792,3832.00999335106,3911.84222223476,3922.39872352682,3881.18487660734,3881.4209376658,3888.7008584937,3889.90956024699
TTO,28879.2873679678,28621.106512477,28798.4969953552,29247.0103539105,28796.559068824,29053.3347831462,27281.8582564754,26342.6166624768,26250.3722429394,25827.8850703571
TUN,10789.6123137916,10504.7342401065,10810.025513368,10934.8768536079,11118.924554076,11112.8538239177,11113.7746532948,11234.4897248596,11385.3663253176,11417.1268019996
TUR,20027.6668282982,21932.2945704799,22610.6827736227,24117.6584669162,24881.7277916793,25958.6407622392,26385.0019383343,27913.8187158996,28318.4358039399,28197.2488314389
TUV,3281.50217714704,3493.27535059328,3322.3875101275,3440.82054616239,3447.79622607557,3720.30531533443,3787.81664219543,3896.74847292992,3945.56367272662,4274.76316552592
TZA,2006.97132607023,2098.27660490188,2128.5289303179,2205.95146041591,2284.96175730033,2354.13898543629,2441.63694514804,2530.603317381,2590.20113749958,2660.6374220819
UGA,1873.51379393758,1985.27135394988,1996.91735379262,2002.72267545601,2035.58424185636,2067.58881409798,2088.64751412272,2074.65243576542,2124.79220299352,2182.89976075525
UKR,12221.4402696575,12933.356853082,12985.0868313636,13020.6001915337,12385.8138624923,11216.1185197646,11536.3160310689,11860.5609298492,12336.9267912022,12804.9551187549
UMC,12248.9252095014,12944.1102699982,13559.624047437,14152.3609586107,14645.6572385725,15089.8135433887,15557.8439167384,16203.800757904,16847.3635263749,17393.3456634145
URY,19293.7407978576,20231.5731615788,20885.1052447081,21786.2119353806,22419.043746431,22425.8300844671,22724.0221342831,23009.8742286911,23035.0833880454,23032.7340435597
USA,54315.9124805391,54758.8332734292,55581.4138435205,56214.4286771294,57213.2678405623,58540.2960929977,59112.2422096532,60109.6557260477,61585.7560382102,62630.8732765742
UZB,4953.96136781972,5185.6846199257,5472.83350710237,5781.15657026787,6075.19222412828,6401.11516766954,6663.94961394254,6840.70986001705,7082.92549333293,7348.14688265697
VCT,11447.6173170625,11393.621096663,11537.9581089319,11729.5649378848,11845.0076656789,11973.3539912479,12163.6754462473,12245.1263378297,12466.0013853407,12489.1705801339
VEN,,,,,,,,,,
VGB,,,,,,,,,,
VIR,,,,,,,,,,
VNM,5089.41101647328,5352.02208104119,5574.49370451398,5815.17524348444,6098.53914798804,6438.25985369358,6767.77883209752,7155.4431870997,7585.94315504036,8041.17838409676
VUT,3088.97887864833,3101.32879399466,3046.68582297804,2975.89800382458,2984.60512391773,2915.70045998521,2973.46761331833,3081.83519771335,3093.46154723291,3137.2410503945
WLD,13892.3333584984,14260.6428959691,14528.7086365162,14824.5078182805,15149.4503422288,15480.7651001041,15803.5284010635,16211.0496486162,16607.7182741101,16897.3160158471
WSM,6010.08394231769,6205.81982727537,5901.34741494111,5831.09568078934,5788.36795319475,5996.842054078,6449.82973985041,6489.77678623675,6384.58258259628,6631.58705445418
XKX,7627.89142996138,8040.59381375861,8105.37493161373,8486.56549672826,8796.62962012693,9445.1054761887,10031.0441699213,10436.1688459323,10755.1675393466,11318.462250308
YEM,,,,,,,,,,
ZAF,13618.7252551469,13837.6687846579,13946.9478425253,14066.1027821772,14040.8259112381,14010.1044183581,13897.1393679721,13860.2701664709,13875.9352486056,13709.9663747111
ZMB,3125.52884870272,3201.28802857176,3339.2699022511,3399.70229437249,3450.03760014955,3443.55325404862,3467.88744782793,3485.02178024575,3521.54597811093,3470.4355111779
ZWE,2849.07936637208,3203.87067185491,3674.87418134953,3681.94734038683,3703.8972364708,3707.6224489162,3678.21709488264,3795.64243109451,3923.0304945523,3630.03398530519
